{
  "project_info": {
    "project_number": "636803147475",
    "project_id": "messengerapp2-c191b",
    "storage_bucket": "messengerapp2-c191b.appspot.com"
  },
  "client": [
    {
      "client_info": {
        "mobilesdk_app_id": "1:636803147475:android:3f3e13d1b7bc31b1875626",
        "android_client_info": {
          "package_name": "com.example.messengerapp2"
        }
      },
      "oauth_client": [
        {
          "client_id": "636803147475-c5d5ckh4phksjfff1ftrjcmjol942id8.apps.googleusercontent.com",
          "client_type": 3
        }
      ],
      "api_key": [
        {
          "current_key": "AIzaSyAeve3C5aCt6F9iFPt8KUx2XzXUhhVVJu0"
        }
      ],
      "services": {
        "appinvite_service": {
          "other_platform_oauth_client": [
            {
              "client_id": "636803147475-c5d5ckh4phksjfff1ftrjcmjol942id8.apps.googleusercontent.com",
              "client_type": 3
            }
          ]
        }
      }
    }
  ],
  "configuration_version": "1"
}